pool_key,version,beam,progression_tier,pool_ids,baseline_gen8_pool,generation,source_species,target_species
sword-common-early-ea986c274444,sword,common,early,9,True,8,Chewtle (#833),Chewtle (#833)
sword-common-early-ea986c274444,sword,common,early,9,True,8,Chewtle (#833),Drednaw (#834)
sword-common-early-ea986c274444,sword,common,early,9,True,1-7,Shellder (#90),Shellder (#90)
sword-common-early-ea986c274444,sword,common,early,9,True,1-7,Shellder (#90),Cloyster (#91)
sword-common-early-ea986c274444,sword,common,early,9,True,1-7,Wooper (#194),Wooper (#194)
sword-common-early-ea986c274444,sword,common,early,9,True,1-7,Wooper (#194),Quagsire (#195)
sword-common-early-ea986c274444,sword,common,early,9,True,1-7,Corphish (#341),Corphish (#341)
sword-common-early-ea986c274444,sword,common,early,9,True,1-7,Corphish (#341),Crawdaunt (#342)
sword-common-early-ea986c274444,sword,common,early,9,True,1-7,Tympole (#535),Tympole (#535)
sword-common-early-ea986c274444,sword,common,early,9,True,1-7,Tympole (#535),Palpitoad (#536)
sword-common-early-ea986c274444,sword,common,early,9,True,1-7,Tympole (#535),Seismitoad (#537)
sword-common-early-7bf419e73a71,sword,common,early,10,True,8,Clobbopus (#852),Clobbopus (#852)
sword-common-early-7bf419e73a71,sword,common,early,10,True,8,Clobbopus (#852),Grapploct (#853)
sword-common-early-7bf419e73a71,sword,common,early,10,True,8,Farfetchd (#83),Sirfetchd (#865)
sword-common-early-7bf419e73a71,sword,common,early,10,True,1-7,Farfetchd (#83),Farfetchd (#83)
sword-common-early-7bf419e73a71,sword,common,early,10,True,1-7,Tyrogue (#236),Hitmonlee (#106)
sword-common-early-7bf419e73a71,sword,common,early,10,True,1-7,Tyrogue (#236),Hitmonchan (#107)
sword-common-early-7bf419e73a71,sword,common,early,10,True,1-7,Tyrogue (#236),Tyrogue (#236)
sword-common-early-7bf419e73a71,sword,common,early,10,True,1-7,Tyrogue (#236),Hitmontop (#237)
sword-common-early-7bf419e73a71,sword,common,early,10,True,1-7,Sawk (#539),Sawk (#539)
sword-common-early-7bf419e73a71,sword,common,early,10,True,1-7,Pancham (#674),Pancham (#674)
sword-common-early-7bf419e73a71,sword,common,early,10,True,1-7,Pancham (#674),Pangoro (#675)
sword-common-early-7bf419e73a71,sword,common,early,10,True,1-7,Stufful (#759),Stufful (#759)
sword-common-early-7bf419e73a71,sword,common,early,10,True,1-7,Stufful (#759),Bewear (#760)
sword-common-early-d27a2e291dd8,sword,common,early,23,True,8,Snom (#872),Snom (#872)
sword-common-early-d27a2e291dd8,sword,common,early,23,True,8,Snom (#872),Frosmoth (#873)
sword-common-early-d27a2e291dd8,sword,common,early,23,True,8,Sneasel (#215),Sneasler (#903)
sword-common-early-d27a2e291dd8,sword,common,early,23,True,1-7,Sneasel (#215),Sneasel (#215)
sword-common-early-d27a2e291dd8,sword,common,early,23,True,1-7,Snorunt (#361),Snorunt (#361)
sword-common-early-d27a2e291dd8,sword,common,early,23,True,1-7,Snorunt (#361),Glalie (#362)
sword-common-early-d27a2e291dd8,sword,common,early,23,True,1-7,Snover (#459),Snover (#459)
sword-common-early-d27a2e291dd8,sword,common,early,23,True,1-7,Snover (#459),Abomasnow (#460)
sword-common-early-d27a2e291dd8,sword,common,early,23,True,1-7,Sneasel (#215),Weavile (#461)
sword-common-early-d27a2e291dd8,sword,common,early,23,True,1-7,Snorunt (#361),Froslass (#478)
sword-common-early-d27a2e291dd8,sword,common,early,23,True,1-7,Darumaka (#554),Darumaka (#554)
sword-common-early-d27a2e291dd8,sword,common,early,23,True,1-7,Darumaka (#554),Darmanitan (#555)
sword-common-early-3e86b004d8f1,sword,common,early,25,True,8,Yamper (#835),Yamper (#835)
sword-common-early-3e86b004d8f1,sword,common,early,25,True,8,Yamper (#835),Boltund (#836)
sword-common-early-3e86b004d8f1,sword,common,early,25,True,8,Toxel (#848),Toxel (#848)
sword-common-early-3e86b004d8f1,sword,common,early,25,True,8,Toxel (#848),Toxtricity (#849)
sword-common-early-3e86b004d8f1,sword,common,early,25,True,1-7,Pikachu (#25),Pikachu (#25)
sword-common-early-3e86b004d8f1,sword,common,early,25,True,1-7,Pikachu (#25),Raichu (#26)
sword-common-early-3e86b004d8f1,sword,common,early,25,True,1-7,Chinchou (#170),Chinchou (#170)
sword-common-early-3e86b004d8f1,sword,common,early,25,True,1-7,Chinchou (#170),Lanturn (#171)
sword-common-early-3e86b004d8f1,sword,common,early,25,True,1-7,Helioptile (#694),Helioptile (#694)
sword-common-early-3e86b004d8f1,sword,common,early,25,True,1-7,Helioptile (#694),Heliolisk (#695)
sword-common-early-b41a2c6f4d43,sword,common,early,26,False,1-7,Oddish (#43),Oddish (#43)
sword-common-early-b41a2c6f4d43,sword,common,early,26,False,1-7,Oddish (#43),Gloom (#44)
sword-common-early-b41a2c6f4d43,sword,common,early,26,False,1-7,Oddish (#43),Vileplume (#45)
sword-common-early-b41a2c6f4d43,sword,common,early,26,False,1-7,Oddish (#43),Bellossom (#182)
sword-common-early-b41a2c6f4d43,sword,common,early,26,False,1-7,Seedot (#273),Seedot (#273)
sword-common-early-b41a2c6f4d43,sword,common,early,26,False,1-7,Seedot (#273),Nuzleaf (#274)
sword-common-early-b41a2c6f4d43,sword,common,early,26,False,1-7,Seedot (#273),Shiftry (#275)
sword-common-early-b41a2c6f4d43,sword,common,early,26,False,1-7,Budew (#406),Roselia (#315)
sword-common-early-b41a2c6f4d43,sword,common,early,26,False,1-7,Budew (#406),Budew (#406)
sword-common-early-b41a2c6f4d43,sword,common,early,26,False,1-7,Budew (#406),Roserade (#407)
sword-common-early-b41a2c6f4d43,sword,common,early,26,False,1-7,Bounsweet (#761),Bounsweet (#761)
sword-common-early-b41a2c6f4d43,sword,common,early,26,False,1-7,Bounsweet (#761),Steenee (#762)
sword-common-early-b41a2c6f4d43,sword,common,early,26,False,1-7,Bounsweet (#761),Tsareena (#763)
sword-common-early-589ac53409f6,sword,common,early,32,True,8,Rookidee (#821),Rookidee (#821)
sword-common-early-589ac53409f6,sword,common,early,32,True,8,Rookidee (#821),Corvisquire (#822)
sword-common-early-589ac53409f6,sword,common,early,32,True,8,Rookidee (#821),Corviknight (#823)
sword-common-early-589ac53409f6,sword,common,early,32,True,1-7,Wingull (#278),Wingull (#278)
sword-common-early-589ac53409f6,sword,common,early,32,True,1-7,Wingull (#278),Pelipper (#279)
sword-common-early-589ac53409f6,sword,common,early,32,True,1-7,Drifloon (#425),Drifloon (#425)
sword-common-early-589ac53409f6,sword,common,early,32,True,1-7,Drifloon (#425),Drifblim (#426)
sword-common-early-589ac53409f6,sword,common,early,32,True,1-7,Noibat (#714),Noibat (#714)
sword-common-early-589ac53409f6,sword,common,early,32,True,1-7,Noibat (#714),Noivern (#715)
sword-common-early-0d3acfbe4eb2,sword,common,early,33,False,1-7,Cleffa (#173),Cleffa (#173)
sword-common-early-0d3acfbe4eb2,sword,common,early,33,False,1-7,Togepi (#175),Togepi (#175)
sword-common-early-0d3acfbe4eb2,sword,common,early,33,False,1-7,Togepi (#175),Togetic (#176)
sword-common-early-0d3acfbe4eb2,sword,common,early,33,False,1-7,Togepi (#175),Togekiss (#468)
sword-common-early-0d3acfbe4eb2,sword,common,early,33,False,1-7,Swirlix (#684),Swirlix (#684)
sword-common-early-0d3acfbe4eb2,sword,common,early,33,False,1-7,Swirlix (#684),Slurpuff (#685)
sword-common-early-0d3acfbe4eb2,sword,common,early,33,False,1-7,Cutiefly (#742),Cutiefly (#742)
sword-common-early-0d3acfbe4eb2,sword,common,early,33,False,1-7,Cutiefly (#742),Ribombee (#743)
sword-common-early-e77b564f7b9f,sword,common,early,34,True,8,Impidimp (#859),Impidimp (#859)
sword-common-early-e77b564f7b9f,sword,common,early,34,True,8,Impidimp (#859),Morgrem (#860)
sword-common-early-e77b564f7b9f,sword,common,early,34,True,8,Impidimp (#859),Grimmsnarl (#861)
sword-common-early-e77b564f7b9f,sword,common,early,34,True,8,Mime Jr (#439),Mr Rime (#866)
sword-common-early-e77b564f7b9f,sword,common,early,34,True,8,Milcery (#868),Milcery (#868)
sword-common-early-e77b564f7b9f,sword,common,early,34,True,8,Milcery (#868),Alcremie (#869)
sword-common-early-e77b564f7b9f,sword,common,early,34,True,1-7,Clefairy (#35),Clefairy (#35)
sword-common-early-e77b564f7b9f,sword,common,early,34,True,1-7,Clefairy (#35),Clefable (#36)
sword-common-early-e77b564f7b9f,sword,common,early,34,True,1-7,Mime Jr (#439),Mr Mime (#122)
sword-common-early-e77b564f7b9f,sword,common,early,34,True,1-7,Ralts (#280),Ralts (#280)
sword-common-early-e77b564f7b9f,sword,common,early,34,True,1-7,Ralts (#280),Kirlia (#281)
sword-common-early-e77b564f7b9f,sword,common,early,34,True,1-7,Ralts (#280),Gardevoir (#282)
sword-common-early-e77b564f7b9f,sword,common,early,34,True,1-7,Mime Jr (#439),Mime Jr (#439)
sword-common-early-e77b564f7b9f,sword,common,early,34,True,1-7,Ralts (#280),Gallade (#475)
sword-common-early-e1d3bcfb5fad,sword,common,early,36,True,8,Nickit (#827),Nickit (#827)
sword-common-early-e1d3bcfb5fad,sword,common,early,36,True,8,Nickit (#827),Thievul (#828)
sword-common-early-e1d3bcfb5fad,sword,common,early,36,True,8,Zigzagoon (#263),Obstagoon (#862)
sword-common-early-e1d3bcfb5fad,sword,common,early,36,True,1-7,Zigzagoon (#263),Zigzagoon (#263)
sword-common-early-e1d3bcfb5fad,sword,common,early,36,True,1-7,Zigzagoon (#263),Linoone (#264)
sword-common-early-e1d3bcfb5fad,sword,common,early,36,True,1-7,Purrloin (#509),Purrloin (#509)
sword-common-early-e1d3bcfb5fad,sword,common,early,36,True,1-7,Purrloin (#509),Liepard (#510)
sword-common-early-e1d3bcfb5fad,sword,common,early,36,True,1-7,Deino (#633),Deino (#633)
sword-common-early-e1d3bcfb5fad,sword,common,early,36,True,1-7,Deino (#633),Zweilous (#634)
sword-common-early-e1d3bcfb5fad,sword,common,early,36,True,1-7,Deino (#633),Hydreigon (#635)
sword-common-early-0ea2c681f740,sword,common,early,107,False,1-7,Woobat (#527),Woobat (#527)
sword-common-early-0ea2c681f740,sword,common,early,107,False,1-7,Woobat (#527),Swoobat (#528)
sword-common-early-0ea2c681f740,sword,common,early,107,False,1-7,Emolga (#587),Emolga (#587)
sword-common-early-0ea2c681f740,sword,common,early,107,False,1-7,Rufflet (#627),Rufflet (#627)
sword-common-early-0ea2c681f740,sword,common,early,107,False,1-7,Rufflet (#627),Braviary (#628)
sword-common-early-0ea2c681f740,sword,common,early,107,False,1-7,Fletchling (#661),Fletchling (#661)
sword-common-early-0ea2c681f740,sword,common,early,107,False,1-7,Fletchling (#661),Fletchinder (#662)
sword-common-early-0ea2c681f740,sword,common,early,107,False,1-7,Fletchling (#661),Talonflame (#663)
sword-common-late-f59e3ae7caea,sword,common,late,2,False,1-7,Solrock (#338),Solrock (#338)
sword-common-late-a301644f9d95,sword,common,late,105,True,8,Pincurchin (#871),Pincurchin (#871)
sword-common-late-a301644f9d95,sword,common,late,105,True,8,Morpeko (#877),Morpeko (#877)
sword-common-late-a301644f9d95,sword,common,late,105,True,1-7,Magneton (#82),Magneton (#82)
sword-common-late-a301644f9d95,sword,common,late,105,True,1-7,Chansey (#113),Chansey (#113)
sword-common-late-a301644f9d95,sword,common,late,105,True,1-7,Chansey (#113),Blissey (#242)
sword-common-late-a301644f9d95,sword,common,late,105,True,1-7,Shinx (#403),Shinx (#403)
sword-common-late-a301644f9d95,sword,common,late,105,True,1-7,Shinx (#403),Luxio (#404)
sword-common-late-a301644f9d95,sword,common,late,105,True,1-7,Shinx (#403),Luxray (#405)
sword-common-late-a301644f9d95,sword,common,late,105,True,1-7,Magneton (#82),Magnezone (#462)
sword-common-late-a301644f9d95,sword,common,late,105,True,1-7,Dedenne (#702),Dedenne (#702)
sword-common-late-223897ddb6a7,sword,common,late,123,False,1-7,Mienfoo (#619),Mienfoo (#619)
sword-common-late-223897ddb6a7,sword,common,late,123,False,1-7,Mienfoo (#619),Mienshao (#620)
sword-common-late-223897ddb6a7,sword,common,late,123,False,1-7,Passimian (#766),Passimian (#766)
sword-common-late-dbc7b5abe903,sword,common,late,139,False,1-7,Staryu (#120),Staryu (#120)
sword-common-late-dbc7b5abe903,sword,common,late,139,False,1-7,Staryu (#120),Starmie (#121)
sword-common-late-dbc7b5abe903,sword,common,late,139,False,1-7,Clauncher (#692),Clauncher (#692)
sword-common-late-dbc7b5abe903,sword,common,late,139,False,1-7,Clauncher (#692),Clawitzer (#693)
sword-common-late-dbc7b5abe903,sword,common,late,139,False,1-7,Wishiwashi (#746),Wishiwashi (#746)
sword-common-late-63e88db25fe1,sword,common,late,162,False,1-7,Omanyte (#138),Omanyte (#138)
sword-common-late-63e88db25fe1,sword,common,late,162,False,1-7,Omanyte (#138),Omastar (#139)
sword-common-late-63e88db25fe1,sword,common,late,162,False,1-7,Feebas (#349),Feebas (#349)
sword-common-late-63e88db25fe1,sword,common,late,162,False,1-7,Feebas (#349),Milotic (#350)
sword-common-late-63e88db25fe1,sword,common,late,162,False,1-7,Relicanth (#369),Relicanth (#369)
sword-common-late-e01fa3b95f59,sword,common,late,180,True,8,Stonjourner (#874),Stonjourner (#874)
sword-common-late-e01fa3b95f59,sword,common,late,180,True,1-7,Mawile (#303),Mawile (#303)
sword-common-late-e01fa3b95f59,sword,common,late,180,True,1-7,Aron (#304),Aron (#304)
sword-common-late-e01fa3b95f59,sword,common,late,180,True,1-7,Aron (#304),Lairon (#305)
sword-common-late-e01fa3b95f59,sword,common,late,180,True,1-7,Aron (#304),Aggron (#306)
sword-common-late-e01fa3b95f59,sword,common,late,180,True,1-7,Carbink (#703),Carbink (#703)
sword-common-late-0cb9b39b2293,sword,common,late,184,False,1-7,Dratini (#147),Dratini (#147)
sword-common-late-0cb9b39b2293,sword,common,late,184,False,1-7,Dratini (#147),Dragonair (#148)
sword-common-late-0cb9b39b2293,sword,common,late,184,False,1-7,Bagon (#371),Bagon (#371)
sword-common-late-0cb9b39b2293,sword,common,late,184,False,1-7,Druddigon (#621),Druddigon (#621)
sword-rare-early-a8b07cc88a0f,sword,rare,early,48,True,8,Falinks (#870),Falinks (#870)
sword-rare-early-a8b07cc88a0f,sword,rare,early,48,True,1-7,Machop (#66),Machop (#66)
sword-rare-early-a8b07cc88a0f,sword,rare,early,48,True,1-7,Machop (#66),Machoke (#67)
sword-rare-early-a8b07cc88a0f,sword,rare,early,48,True,1-7,Machop (#66),Machamp (#68)
sword-rare-early-a8b07cc88a0f,sword,rare,early,48,True,1-7,Riolu (#447),Riolu (#447)
sword-rare-early-a8b07cc88a0f,sword,rare,early,48,True,1-7,Riolu (#447),Lucario (#448)
sword-rare-early-a8b07cc88a0f,sword,rare,early,48,True,1-7,Scraggy (#559),Scraggy (#559)
sword-rare-early-a8b07cc88a0f,sword,rare,early,48,True,1-7,Scraggy (#559),Scrafty (#560)
sword-rare-early-1735aaa518a0,sword,rare,early,54;80,False,1-7,Vulpix (#37),Vulpix (#37)
sword-rare-early-1735aaa518a0,sword,rare,early,54;80,False,1-7,Vulpix (#37),Ninetales (#38)
sword-rare-early-1735aaa518a0,sword,rare,early,54;80,False,1-7,Salandit (#757),Salandit (#757)
sword-rare-early-1735aaa518a0,sword,rare,early,54;80,False,1-7,Salandit (#757),Salazzle (#758)
sword-rare-early-ea20517d1b07,sword,rare,early,60;86,False,1-7,Koffing (#109),Koffing (#109)
sword-rare-early-ea20517d1b07,sword,rare,early,60;86,False,1-7,Koffing (#109),Weezing (#110)
sword-rare-early-ea20517d1b07,sword,rare,early,60;86,False,1-7,Stunky (#434),Stunky (#434)
sword-rare-early-ea20517d1b07,sword,rare,early,60;86,False,1-7,Stunky (#434),Skuntank (#435)
sword-rare-early-ea20517d1b07,sword,rare,early,60;86,False,1-7,Skorupi (#451),Skorupi (#451)
sword-rare-early-ea20517d1b07,sword,rare,early,60;86,False,1-7,Skorupi (#451),Drapion (#452)
sword-rare-early-ea20517d1b07,sword,rare,early,60;86,False,1-7,Trubbish (#568),Trubbish (#568)
sword-rare-early-ea20517d1b07,sword,rare,early,60;86,False,1-7,Trubbish (#568),Garbodor (#569)
sword-rare-early-ea20517d1b07,sword,rare,early,60;86,False,1-7,Mareanie (#747),Mareanie (#747)
sword-rare-early-ea20517d1b07,sword,rare,early,60;86,False,1-7,Mareanie (#747),Toxapex (#748)
sword-rare-early-04399c386919,sword,rare,early,64,True,8,Applin (#840),Applin (#840)
sword-rare-early-04399c386919,sword,rare,early,64,True,8,Applin (#840),Flapple (#841)
sword-rare-early-04399c386919,sword,rare,early,64,True,8,Applin (#840),Appletun (#842)
sword-rare-early-04399c386919,sword,rare,early,64,True,8,Dreepy (#885),Dreepy (#885)
sword-rare-early-04399c386919,sword,rare,early,64,True,8,Dreepy (#885),Drakloak (#886)
sword-rare-early-04399c386919,sword,rare,early,64,True,8,Dreepy (#885),Dragapult (#887)
sword-rare-early-04399c386919,sword,rare,early,64,True,1-7,Trapinch (#328),Trapinch (#328)
sword-rare-early-04399c386919,sword,rare,early,64,True,1-7,Trapinch (#328),Vibrava (#329)
sword-rare-early-04399c386919,sword,rare,early,64,True,1-7,Trapinch (#328),Flygon (#330)
sword-rare-early-04399c386919,sword,rare,early,64,True,1-7,Axew (#610),Axew (#610)
sword-rare-early-04399c386919,sword,rare,early,64,True,1-7,Axew (#610),Fraxure (#611)
sword-rare-early-04399c386919,sword,rare,early,64,True,1-7,Axew (#610),Haxorus (#612)
sword-rare-early-04399c386919,sword,rare,early,64,True,1-7,Jangmo O (#782),Jangmo O (#782)
sword-rare-early-04399c386919,sword,rare,early,64,True,1-7,Jangmo O (#782),Hakamo O (#783)
sword-rare-early-04399c386919,sword,rare,early,64,True,1-7,Jangmo O (#782),Kommo O (#784)
sword-rare-early-c7c9fffe1e9d,sword,rare,early,149,False,1-7,Pinsir (#127),Pinsir (#127)
sword-rare-early-cddb31236364,sword,rare,early,179,False,1-7,Slowpoke (#79),Slowpoke (#79)
sword-rare-early-cddb31236364,sword,rare,early,179,False,1-7,Slowpoke (#79),Slowbro (#80)
sword-rare-early-cddb31236364,sword,rare,early,179,False,1-7,Slowpoke (#79),Slowking (#199)
sword-rare-early-cddb31236364,sword,rare,early,179,False,1-7,Gothita (#574),Gothita (#574)
sword-rare-early-cddb31236364,sword,rare,early,179,False,1-7,Gothita (#574),Gothorita (#575)
sword-rare-early-cddb31236364,sword,rare,early,179,False,1-7,Gothita (#574),Gothitelle (#576)
sword-rare-late-1b42017317fd,sword,rare,late,114,False,1-7,Torkoal (#324),Torkoal (#324)
sword-rare-late-1b42017317fd,sword,rare,late,114,False,1-7,Larvesta (#636),Larvesta (#636)
sword-rare-late-1b42017317fd,sword,rare,late,114,False,1-7,Larvesta (#636),Volcarona (#637)
sword-rare-late-f215d679476d,sword,rare,late,185,True,8,Duraludon (#884),Duraludon (#884)
sword-rare-late-f215d679476d,sword,rare,late,185,True,1-7,Dragonite (#149),Dragonite (#149)
sword-rare-late-f215d679476d,sword,rare,late,185,True,1-7,Delibird (#225),Delibird (#225)
sword-rare-late-f215d679476d,sword,rare,late,185,True,1-7,Shelgon (#372),Shelgon (#372)
sword-rare-late-f215d679476d,sword,rare,late,185,True,1-7,Shelgon (#372),Salamence (#373)
sword-rare-late-f215d679476d,sword,rare,late,185,True,1-7,Tyrunt (#696),Tyrunt (#696)
sword-rare-late-f215d679476d,sword,rare,late,185,True,1-7,Tyrunt (#696),Tyrantrum (#697)
sword-rare-late-f215d679476d,sword,rare,late,185,True,1-7,Turtonator (#776),Turtonator (#776)
shield-common-early-02d5ee080403,shield,common,early,2,False,1-7,Munna (#517),Munna (#517)
shield-common-early-02d5ee080403,shield,common,early,2,False,1-7,Munna (#517),Musharna (#518)
shield-common-early-02d5ee080403,shield,common,early,2,False,1-7,Solosis (#577),Solosis (#577)
shield-common-early-02d5ee080403,shield,common,early,2,False,1-7,Solosis (#577),Duosion (#578)
shield-common-early-02d5ee080403,shield,common,early,2,False,1-7,Solosis (#577),Reuniclus (#579)
shield-common-early-02d5ee080403,shield,common,early,2,False,1-7,Elgyem (#605),Elgyem (#605)
shield-common-early-02d5ee080403,shield,common,early,2,False,1-7,Elgyem (#605),Beheeyem (#606)
shield-common-early-02d5ee080403,shield,common,early,2,False,1-7,Espurr (#677),Espurr (#677)
shield-common-early-02d5ee080403,shield,common,early,2,False,1-7,Espurr (#677),Meowstic (#678)
shield-common-early-1f6bc16fc810,shield,common,early,4,False,1-7,Caterpie (#10),Caterpie (#10)
shield-common-early-1f6bc16fc810,shield,common,early,4,False,1-7,Caterpie (#10),Metapod (#11)
shield-common-early-1f6bc16fc810,shield,common,early,4,False,1-7,Caterpie (#10),Butterfree (#12)
shield-common-early-1f6bc16fc810,shield,common,early,4,False,1-7,Joltik (#595),Joltik (#595)
shield-common-early-1f6bc16fc810,shield,common,early,4,False,1-7,Joltik (#595),Galvantula (#596)
shield-common-early-1f6bc16fc810,shield,common,early,4,False,1-7,Durant (#632),Durant (#632)
shield-common-early-1f6bc16fc810,shield,common,early,4,False,1-7,Grubbin (#736),Grubbin (#736)
shield-common-early-1f6bc16fc810,shield,common,early,4,False,1-7,Grubbin (#736),Charjabug (#737)
shield-common-early-1f6bc16fc810,shield,common,early,4,False,1-7,Grubbin (#736),Vikavolt (#738)
shield-common-early-0d60ea5427cf,shield,common,early,6,False,1-7,Duskull (#355),Duskull (#355)
shield-common-early-0d60ea5427cf,shield,common,early,6,False,1-7,Duskull (#355),Dusclops (#356)
shield-common-early-0d60ea5427cf,shield,common,early,6,False,1-7,Duskull (#355),Dusknoir (#477)
shield-common-early-0d60ea5427cf,shield,common,early,6,False,1-7,Frillish (#592),Frillish (#592)
shield-common-early-0d60ea5427cf,shield,common,early,6,False,1-7,Frillish (#592),Jellicent (#593)
shield-common-early-0d60ea5427cf,shield,common,early,6,False,1-7,Phantump (#708),Phantump (#708)
shield-common-early-0d60ea5427cf,shield,common,early,6,False,1-7,Phantump (#708),Trevenant (#709)
shield-common-early-0d60ea5427cf,shield,common,early,6,False,1-7,Pumpkaboo (#710),Pumpkaboo (#710)
shield-common-early-0d60ea5427cf,shield,common,early,6,False,1-7,Pumpkaboo (#710),Gourgeist (#711)
shield-common-early-c144ea074a20,shield,common,early,8,False,1-7,Wailmer (#320),Wailmer (#320)
shield-common-early-c144ea074a20,shield,common,early,8,False,1-7,Shellos (#422),Shellos (#422)
shield-common-early-c144ea074a20,shield,common,early,8,False,1-7,Shellos (#422),Gastrodon (#423)
shield-common-early-e6f2fe540d70,shield,common,early,11,True,8,Meowth (#52),Perrserker (#863)
shield-common-early-e6f2fe540d70,shield,common,early,11,True,8,Cufant (#878),Cufant (#878)
shield-common-early-e6f2fe540d70,shield,common,early,11,True,8,Cufant (#878),Copperajah (#879)
shield-common-early-e6f2fe540d70,shield,common,early,11,True,1-7,Meowth (#52),Meowth (#52)
shield-common-early-e6f2fe540d70,shield,common,early,11,True,1-7,Meowth (#52),Persian (#53)
shield-common-early-e6f2fe540d70,shield,common,early,11,True,1-7,Bronzor (#436),Bronzor (#436)
shield-common-early-e6f2fe540d70,shield,common,early,11,True,1-7,Bronzor (#436),Bronzong (#437)
shield-common-early-e6f2fe540d70,shield,common,early,11,True,1-7,Ferroseed (#597),Ferroseed (#597)
shield-common-early-e6f2fe540d70,shield,common,early,11,True,1-7,Ferroseed (#597),Ferrothorn (#598)
shield-common-early-e6f2fe540d70,shield,common,early,11,True,1-7,Klink (#599),Klink (#599)
shield-common-early-e6f2fe540d70,shield,common,early,11,True,1-7,Klink (#599),Klang (#600)
shield-common-early-e6f2fe540d70,shield,common,early,11,True,1-7,Klink (#599),Klinklang (#601)
shield-common-early-e6f2fe540d70,shield,common,early,11,True,1-7,Pawniard (#624),Pawniard (#624)
shield-common-early-e6f2fe540d70,shield,common,early,11,True,1-7,Pawniard (#624),Bisharp (#625)
shield-common-early-794b1fab5907,shield,common,early,13,True,8,Blipbug (#824),Blipbug (#824)
shield-common-early-794b1fab5907,shield,common,early,13,True,8,Blipbug (#824),Dottler (#825)
shield-common-early-794b1fab5907,shield,common,early,13,True,8,Blipbug (#824),Orbeetle (#826)
shield-common-early-794b1fab5907,shield,common,early,13,True,8,Hatenna (#856),Hatenna (#856)
shield-common-early-794b1fab5907,shield,common,early,13,True,8,Hatenna (#856),Hattrem (#857)
shield-common-early-794b1fab5907,shield,common,early,13,True,8,Hatenna (#856),Hatterene (#858)
shield-common-early-794b1fab5907,shield,common,early,13,True,1-7,Ponyta (#77),Ponyta (#77)
shield-common-early-794b1fab5907,shield,common,early,13,True,1-7,Ponyta (#77),Rapidash (#78)
shield-common-early-794b1fab5907,shield,common,early,13,True,1-7,Natu (#177),Natu (#177)
shield-common-early-794b1fab5907,shield,common,early,13,True,1-7,Natu (#177),Xatu (#178)
shield-common-early-db048195ad2c,shield,common,early,14,False,1-7,Wynaut (#360),Wobbuffet (#202)
shield-common-early-db048195ad2c,shield,common,early,14,False,1-7,Baltoy (#343),Baltoy (#343)
shield-common-early-db048195ad2c,shield,common,early,14,False,1-7,Baltoy (#343),Claydol (#344)
shield-common-early-db048195ad2c,shield,common,early,14,False,1-7,Wynaut (#360),Wynaut (#360)
shield-common-early-662df8e9bc49,shield,common,early,16,False,1-7,Diglett (#50),Diglett (#50)
shield-common-early-662df8e9bc49,shield,common,early,16,False,1-7,Diglett (#50),Dugtrio (#51)
shield-common-early-662df8e9bc49,shield,common,early,16,False,1-7,Onix (#95),Onix (#95)
shield-common-early-662df8e9bc49,shield,common,early,16,False,1-7,Onix (#95),Steelix (#208)
shield-common-early-662df8e9bc49,shield,common,early,16,False,1-7,Nincada (#290),Nincada (#290)
shield-common-early-662df8e9bc49,shield,common,early,16,False,1-7,Nincada (#290),Ninjask (#291)
shield-common-early-662df8e9bc49,shield,common,early,16,False,1-7,Nincada (#290),Shedinja (#292)
shield-common-early-662df8e9bc49,shield,common,early,16,False,1-7,Drilbur (#529),Drilbur (#529)
shield-common-early-662df8e9bc49,shield,common,early,16,False,1-7,Drilbur (#529),Excadrill (#530)
shield-common-early-662df8e9bc49,shield,common,early,16,False,1-7,Mudbray (#749),Mudbray (#749)
shield-common-early-662df8e9bc49,shield,common,early,16,False,1-7,Mudbray (#749),Mudsdale (#750)
shield-common-early-efd77f9dd0aa,shield,common,early,17,True,8,Silicobra (#843),Silicobra (#843)
shield-common-early-efd77f9dd0aa,shield,common,early,17,True,8,Silicobra (#843),Sandaconda (#844)
shield-common-early-efd77f9dd0aa,shield,common,early,17,True,8,Yamask (#562),Runerigus (#867)
shield-common-early-efd77f9dd0aa,shield,common,early,17,True,1-7,Swinub (#220),Swinub (#220)
shield-common-early-efd77f9dd0aa,shield,common,early,17,True,1-7,Swinub (#220),Piloswine (#221)
shield-common-early-efd77f9dd0aa,shield,common,early,17,True,1-7,Hippopotas (#449),Hippopotas (#449)
shield-common-early-efd77f9dd0aa,shield,common,early,17,True,1-7,Hippopotas (#449),Hippowdon (#450)
shield-common-early-efd77f9dd0aa,shield,common,early,17,True,1-7,Swinub (#220),Mamoswine (#473)
shield-common-early-efd77f9dd0aa,shield,common,early,17,True,1-7,Yamask (#562),Yamask (#562)
shield-common-early-efd77f9dd0aa,shield,common,early,17,True,1-7,Yamask (#562),Cofagrigus (#563)
shield-common-early-96199d6aa45b,shield,common,early,33,False,1-7,Spritzee (#682),Spritzee (#682)
shield-common-early-96199d6aa45b,shield,common,early,33,False,1-7,Spritzee (#682),Aromatisse (#683)
shield-common-early-d119e9e56788,shield,common,early,39,False,1-7,Hoothoot (#163),Hoothoot (#163)
shield-common-early-d119e9e56788,shield,common,early,39,False,1-7,Hoothoot (#163),Noctowl (#164)
shield-common-early-d119e9e56788,shield,common,early,39,False,1-7,Pidove (#519),Pidove (#519)
shield-common-early-d119e9e56788,shield,common,early,39,False,1-7,Pidove (#519),Tranquill (#520)
shield-common-early-d119e9e56788,shield,common,early,39,False,1-7,Pidove (#519),Unfezant (#521)
shield-common-early-d119e9e56788,shield,common,early,39,False,1-7,Minccino (#572),Minccino (#572)
shield-common-early-d119e9e56788,shield,common,early,39,False,1-7,Minccino (#572),Cinccino (#573)
shield-common-early-d119e9e56788,shield,common,early,39,False,1-7,Bunnelby (#659),Bunnelby (#659)
shield-common-early-d119e9e56788,shield,common,early,39,False,1-7,Bunnelby (#659),Diggersby (#660)
shield-common-early-01c28aa0450c,shield,common,early,40,True,8,Skwovet (#819),Skwovet (#819)
shield-common-early-01c28aa0450c,shield,common,early,40,True,8,Skwovet (#819),Greedent (#820)
shield-common-early-01c28aa0450c,shield,common,early,40,True,8,Wooloo (#831),Wooloo (#831)
shield-common-early-01c28aa0450c,shield,common,early,40,True,8,Wooloo (#831),Dubwool (#832)
shield-common-early-01c28aa0450c,shield,common,early,40,True,8,Indeedee (#876),Indeedee (#876)
shield-common-early-01c28aa0450c,shield,common,early,40,True,1-7,Munchlax (#446),Snorlax (#143)
shield-common-early-01c28aa0450c,shield,common,early,40,True,1-7,Munchlax (#446),Munchlax (#446)
shield-common-early-4cb984e2c085,shield,common,early,103;117,False,1-7,Sandile (#551),Sandile (#551)
shield-common-early-4cb984e2c085,shield,common,early,103;117,False,1-7,Sandile (#551),Krokorok (#552)
shield-common-early-4cb984e2c085,shield,common,early,103;117,False,1-7,Sandile (#551),Krookodile (#553)
shield-common-early-27188fc16e5c,shield,common,early,107,False,1-7,Vullaby (#629),Vullaby (#629)
shield-common-early-27188fc16e5c,shield,common,early,107,False,1-7,Vullaby (#629),Mandibuzz (#630)
shield-common-early-cbb1f046d2b5,shield,common,early,111,False,1-7,Petilil (#548),Petilil (#548)
shield-common-early-cbb1f046d2b5,shield,common,early,111,False,1-7,Petilil (#548),Lilligant (#549)
shield-common-early-cbb1f046d2b5,shield,common,early,111,False,1-7,Foongus (#590),Foongus (#590)
shield-common-early-cbb1f046d2b5,shield,common,early,111,False,1-7,Foongus (#590),Amoonguss (#591)
shield-common-early-ded294fe3c87,shield,common,early,119,False,1-7,Tentacool (#72),Tentacool (#72)
shield-common-early-ded294fe3c87,shield,common,early,119,False,1-7,Tentacool (#72),Tentacruel (#73)
shield-common-early-ded294fe3c87,shield,common,early,119,False,1-7,Venipede (#543),Venipede (#543)
shield-common-early-b660b0bf9cb3,shield,common,early,125,False,1-7,Igglybuff (#174),Jigglypuff (#39)
shield-common-early-b660b0bf9cb3,shield,common,early,125,False,1-7,Igglybuff (#174),Wigglytuff (#40)
shield-common-early-b660b0bf9cb3,shield,common,early,125,False,1-7,Igglybuff (#174),Igglybuff (#174)
shield-common-early-b660b0bf9cb3,shield,common,early,125,False,1-7,Azurill (#298),Marill (#183)
shield-common-early-b660b0bf9cb3,shield,common,early,125,False,1-7,Azurill (#298),Azumarill (#184)
shield-common-early-b660b0bf9cb3,shield,common,early,125,False,1-7,Azurill (#298),Azurill (#298)
shield-common-early-b660b0bf9cb3,shield,common,early,125,False,1-7,Comfey (#764),Comfey (#764)
shield-common-early-867ca9e0ad5c,shield,common,early,131,False,1-7,Horsea (#116),Horsea (#116)
shield-common-early-867ca9e0ad5c,shield,common,early,131,False,1-7,Horsea (#116),Seadra (#117)
shield-common-early-867ca9e0ad5c,shield,common,early,131,False,1-7,Horsea (#116),Kingdra (#230)
shield-common-early-867ca9e0ad5c,shield,common,early,131,False,1-7,Goomy (#704),Goomy (#704)
shield-common-early-867ca9e0ad5c,shield,common,early,131,False,1-7,Goomy (#704),Sliggoo (#705)
shield-common-early-867ca9e0ad5c,shield,common,early,131,False,1-7,Goomy (#704),Goodra (#706)
shield-common-early-dc218913b304,shield,common,early,133,False,1-7,Poliwag (#60),Poliwag (#60)
shield-common-early-dc218913b304,shield,common,early,133,False,1-7,Poliwag (#60),Poliwhirl (#61)
shield-common-early-dc218913b304,shield,common,early,133,False,1-7,Poliwag (#60),Poliwrath (#62)
shield-common-early-dc218913b304,shield,common,early,133,False,1-7,Goldeen (#118),Goldeen (#118)
shield-common-early-dc218913b304,shield,common,early,133,False,1-7,Goldeen (#118),Seaking (#119)
shield-common-early-dc218913b304,shield,common,early,133,False,1-7,Poliwag (#60),Politoed (#186)
shield-common-early-afac3a8bad7b,shield,common,early,172,False,1-7,Timburr (#532),Timburr (#532)
shield-common-early-afac3a8bad7b,shield,common,early,172,False,1-7,Timburr (#532),Gurdurr (#533)
shield-common-early-afac3a8bad7b,shield,common,early,172,False,1-7,Timburr (#532),Conkeldurr (#534)
shield-common-early-afac3a8bad7b,shield,common,early,172,False,1-7,Golett (#622),Golett (#622)
shield-common-early-afac3a8bad7b,shield,common,early,172,False,1-7,Golett (#622),Golurk (#623)
shield-common-early-1a0076c3e726,shield,common,early,174,False,1-7,Nidoran F (#29),Nidoran F (#29)
shield-common-early-1a0076c3e726,shield,common,early,174,False,1-7,Nidoran F (#29),Nidorina (#30)
shield-common-early-1a0076c3e726,shield,common,early,174,False,1-7,Nidoran F (#29),Nidoqueen (#31)
shield-common-early-1a0076c3e726,shield,common,early,174,False,1-7,Nidoran M (#32),Nidoran M (#32)
shield-common-early-1a0076c3e726,shield,common,early,174,False,1-7,Nidoran M (#32),Nidorino (#33)
shield-common-early-1a0076c3e726,shield,common,early,174,False,1-7,Nidoran M (#32),Nidoking (#34)
shield-common-early-1a0076c3e726,shield,common,early,174,False,1-7,Zubat (#41),Zubat (#41)
shield-common-early-1a0076c3e726,shield,common,early,174,False,1-7,Zubat (#41),Golbat (#42)
shield-common-early-1a0076c3e726,shield,common,early,174,False,1-7,Zubat (#41),Crobat (#169)
shield-common-early-76167131863f,shield,common,early,176,False,1-7,Swablu (#333),Swablu (#333)
shield-common-early-76167131863f,shield,common,early,176,False,1-7,Swablu (#333),Altaria (#334)
shield-common-late-aee215270a9b,shield,common,late,2,False,1-7,Lunatone (#337),Lunatone (#337)
shield-common-late-492ae8371118,shield,common,late,28,False,1-7,Maractus (#556),Maractus (#556)
shield-common-late-492ae8371118,shield,common,late,28,False,1-7,Dhelmise (#781),Dhelmise (#781)
shield-common-late-1efcbadf8606,shield,common,late,101,False,1-7,Lickitung (#108),Lickitung (#108)
shield-common-late-1efcbadf8606,shield,common,late,101,False,1-7,Tauros (#128),Tauros (#128)
shield-common-late-1efcbadf8606,shield,common,late,101,False,1-7,Miltank (#241),Miltank (#241)
shield-common-late-1efcbadf8606,shield,common,late,101,False,1-7,Lickitung (#108),Lickilicky (#463)
shield-common-late-1efcbadf8606,shield,common,late,101,False,1-7,Bouffalant (#626),Bouffalant (#626)
shield-common-late-f0cbbe7247ea,shield,common,late,103;117,False,1-7,Sandshrew (#27),Sandshrew (#27)
shield-common-late-f0cbbe7247ea,shield,common,late,103;117,False,1-7,Sandshrew (#27),Sandslash (#28)
shield-common-late-f0cbbe7247ea,shield,common,late,103;117,False,1-7,Cubone (#104),Cubone (#104)
shield-common-late-f0cbbe7247ea,shield,common,late,103;117,False,1-7,Cubone (#104),Marowak (#105)
shield-common-late-f0cbbe7247ea,shield,common,late,103;117,False,1-7,Kangaskhan (#115),Kangaskhan (#115)
shield-common-late-170d8a35c6f8,shield,common,late,129,False,1-7,Magnemite (#81),Magnemite (#81)
shield-common-late-170d8a35c6f8,shield,common,late,129,False,1-7,Skarmory (#227),Skarmory (#227)
shield-common-late-170d8a35c6f8,shield,common,late,129,False,1-7,Klefki (#707),Klefki (#707)
shield-common-late-2b775ea68dad,shield,common,late,135,True,8,Cramorant (#845),Cramorant (#845)
shield-common-late-2b775ea68dad,shield,common,late,135,True,8,Arrokuda (#846),Arrokuda (#846)
shield-common-late-2b775ea68dad,shield,common,late,135,True,8,Arrokuda (#846),Barraskewda (#847)
shield-common-late-2b775ea68dad,shield,common,late,135,True,1-7,Golduck (#55),Golduck (#55)
shield-common-late-2b775ea68dad,shield,common,late,135,True,1-7,Barboach (#339),Barboach (#339)
shield-common-late-2b775ea68dad,shield,common,late,135,True,1-7,Barboach (#339),Whiscash (#340)
shield-common-late-95d65e20114b,shield,common,late,139,False,1-7,Skrelp (#690),Skrelp (#690)
shield-common-late-95d65e20114b,shield,common,late,139,False,1-7,Skrelp (#690),Dragalge (#691)
shield-common-late-4b4bbaaed035,shield,common,late,154,False,1-7,Venusaur (#3),Venusaur (#3)
shield-common-late-4b4bbaaed035,shield,common,late,154,False,1-7,Exeggcute (#102),Exeggcute (#102)
shield-common-late-4b4bbaaed035,shield,common,late,154,False,1-7,Exeggcute (#102),Exeggutor (#103)
shield-common-late-4b4bbaaed035,shield,common,late,154,False,1-7,Tangela (#114),Tangela (#114)
shield-common-late-4b4bbaaed035,shield,common,late,154,False,1-7,Tangela (#114),Tangrowth (#465)
shield-common-late-4b4bbaaed035,shield,common,late,154,False,1-7,Fomantis (#753),Fomantis (#753)
shield-common-late-4b4bbaaed035,shield,common,late,154,False,1-7,Fomantis (#753),Lurantis (#754)
shield-common-late-22dad3256e86,shield,common,late,162,False,1-7,Kabuto (#140),Kabuto (#140)
shield-common-late-36899e502516,shield,common,late,164,False,1-7,Elekid (#239),Electabuzz (#125)
shield-common-late-36899e502516,shield,common,late,164,False,1-7,Elekid (#239),Elekid (#239)
shield-common-late-36899e502516,shield,common,late,164,False,1-7,Elekid (#239),Electivire (#466)
shield-common-late-e8cb3d1b7971,shield,common,late,170,True,8,Eiscue (#875),Eiscue (#875)
shield-common-late-e8cb3d1b7971,shield,common,late,170,True,1-7,Lapras (#131),Lapras (#131)
shield-common-late-e8cb3d1b7971,shield,common,late,170,True,1-7,Spheal (#363),Spheal (#363)
shield-common-late-e8cb3d1b7971,shield,common,late,170,True,1-7,Spheal (#363),Sealeo (#364)
shield-common-late-e8cb3d1b7971,shield,common,late,170,True,1-7,Spheal (#363),Walrein (#365)
shield-common-late-e8cb3d1b7971,shield,common,late,170,True,1-7,Audino (#531),Audino (#531)
shield-common-late-e8cb3d1b7971,shield,common,late,170,True,1-7,Vanilluxe (#584),Vanilluxe (#584)
shield-common-late-e8cb3d1b7971,shield,common,late,170,True,1-7,Beartic (#614),Beartic (#614)
shield-common-late-e8cb3d1b7971,shield,common,late,170,True,1-7,Cryogonal (#615),Cryogonal (#615)
shield-common-late-e8cb3d1b7971,shield,common,late,170,True,1-7,Avalugg (#713),Avalugg (#713)
shield-common-late-876d65573075,shield,common,late,182,False,1-7,Sableye (#302),Sableye (#302)
shield-common-late-876d65573075,shield,common,late,182,False,1-7,Mimikyu (#778),Mimikyu (#778)
shield-common-late-2d3556ecc44c,shield,common,late,188,False,1-7,Beldum (#374),Beldum (#374)
shield-common-late-2d3556ecc44c,shield,common,late,188,False,1-7,Beldum (#374),Metang (#375)
shield-common-late-2d3556ecc44c,shield,common,late,188,False,1-7,Beldum (#374),Metagross (#376)
shield-rare-early-5cfa01eb25e4,shield,rare,early,46;92,False,1-7,Karrablast (#588),Karrablast (#588)
shield-rare-early-5cfa01eb25e4,shield,rare,early,46;92,False,1-7,Shelmet (#616),Shelmet (#616)
shield-rare-early-5cfa01eb25e4,shield,rare,early,46;92,False,1-7,Dewpider (#751),Dewpider (#751)
shield-rare-early-5cfa01eb25e4,shield,rare,early,46;92,False,1-7,Dewpider (#751),Araquanid (#752)
shield-rare-early-5cfa01eb25e4,shield,rare,early,46;92,False,1-7,Wimpod (#767),Wimpod (#767)
shield-rare-early-5cfa01eb25e4,shield,rare,early,46;92,False,1-7,Wimpod (#767),Golisopod (#768)
shield-rare-early-fee384a4d710,shield,rare,early,51,True,8,Rolycoly (#837),Rolycoly (#837)
shield-rare-early-fee384a4d710,shield,rare,early,51,True,8,Rolycoly (#837),Carkol (#838)
shield-rare-early-fee384a4d710,shield,rare,early,51,True,8,Rolycoly (#837),Coalossal (#839)
shield-rare-early-fee384a4d710,shield,rare,early,51,True,1-7,Bonsly (#438),Sudowoodo (#185)
shield-rare-early-fee384a4d710,shield,rare,early,51,True,1-7,Larvitar (#246),Larvitar (#246)
shield-rare-early-fee384a4d710,shield,rare,early,51,True,1-7,Larvitar (#246),Pupitar (#247)
shield-rare-early-fee384a4d710,shield,rare,early,51,True,1-7,Larvitar (#246),Tyranitar (#248)
shield-rare-early-fee384a4d710,shield,rare,early,51,True,1-7,Bonsly (#438),Bonsly (#438)
shield-rare-early-fee384a4d710,shield,rare,early,51,True,1-7,Roggenrola (#524),Roggenrola (#524)
shield-rare-early-fee384a4d710,shield,rare,early,51,True,1-7,Roggenrola (#524),Boldore (#525)
shield-rare-early-fee384a4d710,shield,rare,early,51,True,1-7,Roggenrola (#524),Gigalith (#526)
shield-rare-early-fee384a4d710,shield,rare,early,51,True,1-7,Dwebble (#557),Dwebble (#557)
shield-rare-early-fee384a4d710,shield,rare,early,51,True,1-7,Dwebble (#557),Crustle (#558)
shield-rare-early-7d28345d44b9,shield,rare,early,53;77,True,8,Sizzlipede (#850),Sizzlipede (#850)
shield-rare-early-7d28345d44b9,shield,rare,early,53;77,True,8,Sizzlipede (#850),Centiskorch (#851)
shield-rare-early-7d28345d44b9,shield,rare,early,53;77,True,1-7,Charmander (#4),Charmander (#4)
shield-rare-early-7d28345d44b9,shield,rare,early,53;77,True,1-7,Charmander (#4),Charmeleon (#5)
shield-rare-early-7d28345d44b9,shield,rare,early,53;77,True,1-7,Charmander (#4),Charizard (#6)
shield-rare-early-7d28345d44b9,shield,rare,early,53;77,True,1-7,Growlithe (#58),Growlithe (#58)
shield-rare-early-7d28345d44b9,shield,rare,early,53;77,True,1-7,Growlithe (#58),Arcanine (#59)
shield-rare-early-7d28345d44b9,shield,rare,early,53;77,True,1-7,Litwick (#607),Litwick (#607)
shield-rare-early-7d28345d44b9,shield,rare,early,53;77,True,1-7,Litwick (#607),Lampent (#608)
shield-rare-early-7d28345d44b9,shield,rare,early,53;77,True,1-7,Litwick (#607),Chandelure (#609)
shield-rare-early-7d28345d44b9,shield,rare,early,53;77,True,1-7,Heatmor (#631),Heatmor (#631)
shield-rare-early-09e00cfc1720,shield,rare,early,55;83,False,1-7,Vanillite (#582),Vanillite (#582)
shield-rare-early-09e00cfc1720,shield,rare,early,55;83,False,1-7,Vanillite (#582),Vanillish (#583)
shield-rare-early-09e00cfc1720,shield,rare,early,55;83,False,1-7,Cubchoo (#613),Cubchoo (#613)
shield-rare-early-09e00cfc1720,shield,rare,early,55;83,False,1-7,Bergmite (#712),Bergmite (#712)
shield-rare-early-4686de6df846,shield,rare,early,57,False,1-7,Pichu (#172),Pichu (#172)
shield-rare-early-4686de6df846,shield,rare,early,57,False,1-7,Electrike (#309),Electrike (#309)
shield-rare-early-4686de6df846,shield,rare,early,57,False,1-7,Electrike (#309),Manectric (#310)
shield-rare-early-0404e1df0e89,shield,rare,early,59,True,8,Gossifleur (#829),Gossifleur (#829)
shield-rare-early-0404e1df0e89,shield,rare,early,59,True,8,Gossifleur (#829),Eldegoss (#830)
shield-rare-early-0404e1df0e89,shield,rare,early,59,True,1-7,Lotad (#270),Lotad (#270)
shield-rare-early-0404e1df0e89,shield,rare,early,59,True,1-7,Lotad (#270),Lombre (#271)
shield-rare-early-0404e1df0e89,shield,rare,early,59,True,1-7,Lotad (#270),Ludicolo (#272)
shield-rare-early-0404e1df0e89,shield,rare,early,59,True,1-7,Cherubi (#420),Cherubi (#420)
shield-rare-early-0404e1df0e89,shield,rare,early,59,True,1-7,Cherubi (#420),Cherrim (#421)
shield-rare-early-0404e1df0e89,shield,rare,early,59,True,1-7,Cottonee (#546),Cottonee (#546)
shield-rare-early-0404e1df0e89,shield,rare,early,59,True,1-7,Cottonee (#546),Whimsicott (#547)
shield-rare-early-0404e1df0e89,shield,rare,early,59,True,1-7,Morelull (#755),Morelull (#755)
shield-rare-early-0404e1df0e89,shield,rare,early,59,True,1-7,Morelull (#755),Shiinotic (#756)
shield-rare-early-f091b3a5029d,shield,rare,early,78,False,1-7,Magikarp (#129),Magikarp (#129)
shield-rare-early-f091b3a5029d,shield,rare,early,78,False,1-7,Magikarp (#129),Gyarados (#130)
shield-rare-early-d1901e671c1f,shield,rare,early,81,True,8,Sinistea (#854),Sinistea (#854)
shield-rare-early-d1901e671c1f,shield,rare,early,81,True,8,Sinistea (#854),Polteageist (#855)
shield-rare-early-d1901e671c1f,shield,rare,early,81,True,8,Corsola (#222),Cursola (#864)
shield-rare-early-d1901e671c1f,shield,rare,early,81,True,1-7,Gastly (#92),Gastly (#92)
shield-rare-early-d1901e671c1f,shield,rare,early,81,True,1-7,Gastly (#92),Haunter (#93)
shield-rare-early-d1901e671c1f,shield,rare,early,81,True,1-7,Gastly (#92),Gengar (#94)
shield-rare-early-d1901e671c1f,shield,rare,early,81,True,1-7,Corsola (#222),Corsola (#222)
shield-rare-early-d1901e671c1f,shield,rare,early,81,True,1-7,Honedge (#679),Honedge (#679)
shield-rare-early-d1901e671c1f,shield,rare,early,81,True,1-7,Honedge (#679),Doublade (#680)
shield-rare-early-d1901e671c1f,shield,rare,early,81,True,1-7,Honedge (#679),Aegislash (#681)
shield-rare-early-60577b1baef0,shield,rare,early,100,False,1-7,Lillipup (#506),Lillipup (#506)
shield-rare-early-60577b1baef0,shield,rare,early,100,False,1-7,Lillipup (#506),Herdier (#507)
shield-rare-early-60577b1baef0,shield,rare,early,100,False,1-7,Lillipup (#506),Stoutland (#508)
shield-rare-early-a43470bbcde6,shield,rare,early,102,False,1-7,Whismur (#293),Whismur (#293)
shield-rare-early-a43470bbcde6,shield,rare,early,102,False,1-7,Whismur (#293),Loudred (#294)
shield-rare-early-a43470bbcde6,shield,rare,early,102,False,1-7,Whismur (#293),Exploud (#295)
shield-rare-early-27809b402576,shield,rare,early,104;118,False,1-7,Abra (#63),Abra (#63)
shield-rare-early-27809b402576,shield,rare,early,104;118,False,1-7,Abra (#63),Kadabra (#64)
shield-rare-early-27809b402576,shield,rare,early,104;118,False,1-7,Abra (#63),Alakazam (#65)
shield-rare-early-db2fc0afa569,shield,rare,early,122,False,1-7,Carvanha (#318),Carvanha (#318)
shield-rare-early-db2fc0afa569,shield,rare,early,122,False,1-7,Carvanha (#318),Sharpedo (#319)
shield-rare-early-db2fc0afa569,shield,rare,early,122,False,1-7,Zorua (#570),Zorua (#570)
shield-rare-early-db2fc0afa569,shield,rare,early,122,False,1-7,Zorua (#570),Zoroark (#571)
shield-rare-early-db2fc0afa569,shield,rare,early,122,False,1-7,Inkay (#686),Inkay (#686)
shield-rare-early-db2fc0afa569,shield,rare,early,122,False,1-7,Inkay (#686),Malamar (#687)
shield-rare-early-6228c3cfe538,shield,rare,early,124,False,1-7,Croagunk (#453),Croagunk (#453)
shield-rare-early-6228c3cfe538,shield,rare,early,124,False,1-7,Croagunk (#453),Toxicroak (#454)
shield-rare-early-6228c3cfe538,shield,rare,early,124,False,1-7,Throh (#538),Throh (#538)
shield-rare-early-1a94211ca584,shield,rare,early,136,False,1-7,Psyduck (#54),Psyduck (#54)
shield-rare-early-3ba100e0789b,shield,rare,early,138,False,1-7,Remoraid (#223),Remoraid (#223)
shield-rare-early-3ba100e0789b,shield,rare,early,138,False,1-7,Binacle (#688),Binacle (#688)
shield-rare-early-3ba100e0789b,shield,rare,early,138,False,1-7,Binacle (#688),Barbaracle (#689)
shield-rare-early-26b0937fce1c,shield,rare,early,161,False,1-7,Magby (#240),Magmar (#126)
shield-rare-early-26b0937fce1c,shield,rare,early,161,False,1-7,Magby (#240),Magby (#240)
shield-rare-early-26b0937fce1c,shield,rare,early,161,False,1-7,Magby (#240),Magmortar (#467)
shield-rare-early-aedec06fb2cc,shield,rare,early,185,False,1-7,Gible (#443),Gible (#443)
shield-rare-early-aedec06fb2cc,shield,rare,early,185,False,1-7,Gible (#443),Gabite (#444)
shield-rare-early-aedec06fb2cc,shield,rare,early,185,False,1-7,Gible (#443),Garchomp (#445)
shield-rare-early-aedec06fb2cc,shield,rare,early,185,False,1-7,Drampa (#780),Drampa (#780)
shield-rare-late-13bd9012a149,shield,rare,late,49;85,False,1-7,Stunfisk (#618),Stunfisk (#618)
shield-rare-late-de32cc0e4437,shield,rare,late,56,False,1-7,Togedemaru (#777),Togedemaru (#777)
shield-rare-late-f84bc34bc008,shield,rare,late,57,False,1-7,Rotom (#479),Rotom (#479)
shield-rare-late-ed22a64ba769,shield,rare,late,65,False,1-7,Eevee (#133),Eevee (#133)
shield-rare-late-ed22a64ba769,shield,rare,late,65,False,1-7,Eevee (#133),Vaporeon (#134)
shield-rare-late-ed22a64ba769,shield,rare,late,65,False,1-7,Eevee (#133),Jolteon (#135)
shield-rare-late-ed22a64ba769,shield,rare,late,65,False,1-7,Eevee (#133),Flareon (#136)
shield-rare-late-ed22a64ba769,shield,rare,late,65,False,1-7,Eevee (#133),Espeon (#196)
shield-rare-late-ed22a64ba769,shield,rare,late,65,False,1-7,Eevee (#133),Umbreon (#197)
shield-rare-late-ed22a64ba769,shield,rare,late,65,False,1-7,Eevee (#133),Leafeon (#470)
shield-rare-late-ed22a64ba769,shield,rare,late,65,False,1-7,Eevee (#133),Glaceon (#471)
shield-rare-late-ed22a64ba769,shield,rare,late,65,False,1-7,Eevee (#133),Sylveon (#700)
shield-rare-late-ed22a64ba769,shield,rare,late,65,False,1-7,Oranguru (#765),Oranguru (#765)
shield-rare-late-1854a00f884c,shield,rare,late,76,True,8,Basculin (#550),Basculegion (#902)
shield-rare-late-1854a00f884c,shield,rare,late,76,True,8,Qwilfish (#211),Overqwil (#904)
shield-rare-late-1854a00f884c,shield,rare,late,76,True,1-7,Krabby (#98),Krabby (#98)
shield-rare-late-1854a00f884c,shield,rare,late,76,True,1-7,Krabby (#98),Kingler (#99)
shield-rare-late-1854a00f884c,shield,rare,late,76,True,1-7,Qwilfish (#211),Qwilfish (#211)
shield-rare-late-1854a00f884c,shield,rare,late,76,True,1-7,Octillery (#224),Octillery (#224)
shield-rare-late-1854a00f884c,shield,rare,late,76,True,1-7,Mantine (#226),Mantine (#226)
shield-rare-late-1854a00f884c,shield,rare,late,76,True,1-7,Wailord (#321),Wailord (#321)
shield-rare-late-1854a00f884c,shield,rare,late,76,True,1-7,Basculin (#550),Basculin (#550)
shield-rare-late-1854a00f884c,shield,rare,late,76,True,1-7,Pyukumuku (#771),Pyukumuku (#771)
shield-rare-late-2e646e6aaf10,shield,rare,late,89,False,1-7,Sigilyph (#561),Sigilyph (#561)
shield-rare-late-2e646e6aaf10,shield,rare,late,89,False,1-7,Hawlucha (#701),Hawlucha (#701)
shield-rare-late-098e1fed72c3,shield,rare,late,100,False,1-7,Dunsparce (#206),Dunsparce (#206)
shield-rare-late-098e1fed72c3,shield,rare,late,100,False,1-7,Buneary (#427),Buneary (#427)
shield-rare-late-098e1fed72c3,shield,rare,late,100,False,1-7,Buneary (#427),Lopunny (#428)
shield-rare-late-62cc92b050aa,shield,rare,late,110,True,8,Scyther (#123),Kleavor (#900)
shield-rare-late-62cc92b050aa,shield,rare,late,110,True,1-7,Scyther (#123),Scyther (#123)
shield-rare-late-62cc92b050aa,shield,rare,late,110,True,1-7,Scyther (#123),Scizor (#212)
shield-rare-late-62cc92b050aa,shield,rare,late,110,True,1-7,Shuckle (#213),Shuckle (#213)
shield-rare-late-62cc92b050aa,shield,rare,late,110,True,1-7,Heracross (#214),Heracross (#214)
shield-rare-late-62cc92b050aa,shield,rare,late,110,True,1-7,Whirlipede (#544),Whirlipede (#544)
shield-rare-late-62cc92b050aa,shield,rare,late,110,True,1-7,Whirlipede (#544),Scolipede (#545)
shield-rare-late-62cc92b050aa,shield,rare,late,110,True,1-7,Escavalier (#589),Escavalier (#589)
shield-rare-late-62cc92b050aa,shield,rare,late,110,True,1-7,Accelgor (#617),Accelgor (#617)
shield-rare-late-46f645c4f366,shield,rare,late,116,False,1-7,Rhyhorn (#111),Rhyhorn (#111)
shield-rare-late-46f645c4f366,shield,rare,late,116,False,1-7,Rhyhorn (#111),Rhydon (#112)
shield-rare-late-46f645c4f366,shield,rare,late,116,False,1-7,Rhyhorn (#111),Rhyperior (#464)
shield-rare-late-46f645c4f366,shield,rare,late,116,False,1-7,Rockruff (#744),Rockruff (#744)
shield-rare-late-46f645c4f366,shield,rare,late,116,False,1-7,Rockruff (#744),Lycanroc (#745)
shield-rare-late-6007add160b4,shield,rare,late,128,False,1-7,Sandygast (#769),Sandygast (#769)
shield-rare-late-6007add160b4,shield,rare,late,128,False,1-7,Sandygast (#769),Palossand (#770)
shield-rare-late-b4ae5b6193bc,shield,rare,late,144,False,1-7,Combee (#415),Combee (#415)
shield-rare-late-b4ae5b6193bc,shield,rare,late,144,False,1-7,Combee (#415),Vespiquen (#416)
shield-rare-late-791b7a3e64fe,shield,rare,late,146,False,1-7,Blastoise (#9),Blastoise (#9)
shield-rare-late-a85cb8b3b73f,shield,rare,late,153,False,1-7,Ditto (#132),Ditto (#132)
shield-rare-late-4c09039de765,shield,rare,late,167,False,1-7,Lileep (#345),Lileep (#345)
shield-rare-late-4c09039de765,shield,rare,late,167,False,1-7,Lileep (#345),Cradily (#346)
shield-rare-late-4c09039de765,shield,rare,late,167,False,1-7,Anorith (#347),Anorith (#347)
shield-rare-late-4c09039de765,shield,rare,late,167,False,1-7,Anorith (#347),Armaldo (#348)
shield-rare-late-49dfc4195f8d,shield,rare,late,169,False,1-7,Smoochum (#238),Jynx (#124)
shield-rare-late-49dfc4195f8d,shield,rare,late,169,False,1-7,Smoochum (#238),Smoochum (#238)
shield-rare-late-49dfc4195f8d,shield,rare,late,169,False,1-7,Amaura (#698),Amaura (#698)
shield-rare-late-49dfc4195f8d,shield,rare,late,169,False,1-7,Amaura (#698),Aurorus (#699)
shield-rare-late-fb1e6d2fb4a9,shield,rare,late,187,False,1-7,Absol (#359),Absol (#359)
shield-rare-late-562111ce005a,shield,rare,late,197,True,8,Dracozolt (#880),Dracozolt (#880)
shield-rare-late-562111ce005a,shield,rare,late,197,True,8,Arctozolt (#881),Arctozolt (#881)
shield-rare-late-562111ce005a,shield,rare,late,197,True,8,Dracovish (#882),Dracovish (#882)
shield-rare-late-562111ce005a,shield,rare,late,197,True,8,Arctovish (#883),Arctovish (#883)
shield-rare-late-562111ce005a,shield,rare,late,197,True,1-7,Kabutops (#141),Kabutops (#141)
shield-rare-late-562111ce005a,shield,rare,late,197,True,1-7,Aerodactyl (#142),Aerodactyl (#142)
